name,official_url,emails,phones,linkedin,facebook,whatsapp,other_socials,forms,people_pages,sources,errors
Credo Ventures,https://www.credoventures.com/portfolio,,,,,,,,https://www.credoventures.com/team,https://www.credoventures.com/portfolio,https://www.credoventures.com/apply: HTTP Error 404: Not Found | https://www.credoventures.com/contact/: HTTP Error 404: Not Found | https://www.credoventures.com/contact: HTTP Error 404: Not Found | https://www.credoventures.com/apply/: HTTP Error 404: Not Found
Kaya VC,https://www.kaya.vc/,,,https://www.linkedin.com/company/kayavc/ | https://www.linkedin.com/in/jakubjurovych/ | https://www.linkedin.com/in/julie-hu%C4%8D%C3%ADkov%C3%A1-b276b16b/ | https://www.linkedin.com/in/jurajmasar/ | https://www.linkedin.com/in/karelzheng/ | https://www.linkedin.com/in/klaudia-kristofova/ | https://www.linkedin.com/in/lifrordi/ | https://www.linkedin.com/in/michalvalko/ | https://www.linkedin.com/in/mrajcan/ | https://www.linkedin.com/in/pavelmucha/ | https://www.linkedin.com/in/rochminska/ | https://www.linkedin.com/in/tomascupr/ | https://www.linkedin.com/in/tomasobrtac/ | https://www.linkedin.com/in/tomaspacinda/ | https://www.linkedin.com/in/vaclav-ryslink/ | https://www.linkedin.com/in/vojtech-tomsu/,,,https://github.com/adamnemecek/traceoid.ai,https://kayavc.typeform.com/pitchdeck?typeform-source=www.kaya.vc,https://www.kaya.vc/team,https://www.kaya.vc/ | https://www.kaya.vc/portfolio | https://www.kaya.vc/team,https://www.kaya.vc/kontakt/: HTTP Error 404: Not Found | https://www.kaya.vc/apply/: HTTP Error 404: Not Found
Presto Ventures,https://www.prestoventures.com/,,,https://www.linkedin.com/company/presto-ventures/posts/?feedView=all,,,http://omofox.com | https://pibox.com/,https://www.prestoventures.com/contact,https://www.prestoventures.com/team,https://www.prestoventures.com/ | https://www.prestoventures.com/contact | https://www.prestoventures.com/portfolio,https://www.prestoventures.com/apply: HTTP Error 404: Not Found
Tensor Ventures,https://tensor.ventures/,hello@tensor.ventures | job@tensor.ventures | martin@tensor.ventures | petr@tensor.ventures | roman@tensor.ventures,+420 624 721 550 | +420624721550,https://www.linkedin.com/company/tensor-ventures/ | https://www.linkedin.com/in/hastikdan/ | https://www.linkedin.com/in/jankrabec/ | https://www.linkedin.com/in/jfaflik/ | https://www.linkedin.com/in/katerinasyslova/ | https://www.linkedin.com/in/kordik/ | https://www.linkedin.com/in/krelina/ | https://www.linkedin.com/in/martindrdul/ | https://www.linkedin.com/in/ondrej-lipold-b0867874/ | https://www.linkedin.com/in/petrulvr/ | https://www.linkedin.com/in/romansmola/,,,,,,https://tensor.ventures/,https://tensor.ventures/kontakt/: HTTP Error 404: Not Found | https://tensor.ventures/kontakt: HTTP Error 404: Not Found | https://tensor.ventures/contact/: HTTP Error 404: Not Found | https://tensor.ventures/apply/: HTTP Error 404: Not Found
J&T Ventures,https://www.jtventures.cz/,info@jtventures.cz | media@jtventures.cz | people@jtventures.cz,+420 604 333 320,https://www.linkedin.com/company/j&t-ventures/,,,https://www.crunchbase.com/organization/j-t-ventures,,,https://www.jtventures.cz/ | https://www.jtventures.cz/portfolio | https://www.jtventures.cz/portfolio?models=B2B,https://www.jtventures.cz/team/: HTTP Error 404: Not Found | https://www.jtventures.cz/contact/: HTTP Error 404: Not Found
Reflex Capital,https://www.reflexcapital.com/,info@reflexcapital.com,+420 603 194 892,https://www.linkedin.com/in/eduard-mika-bbb42/ | https://www.linkedin.com/in/josef-chvojka-07618023/ | https://www.linkedin.com/in/michaltaborsky/ | https://www.linkedin.com/in/ondrej-fryc-b4873/ | https://www.linkedin.com/in/roman-horacek,,,https://twitter.com/ceeetailer,https://www.reflexcapital.com/contact/ | https://www.reflexcapital.com/cs/contact/,https://cloud7.news/hosting/webnode-becomes-a-part-of-team-blue/ | https://www.reflexcapital.com/cs/team/ | https://www.reflexcapital.com/team/,https://www.reflexcapital.com/ | https://www.reflexcapital.com/contact/ | https://www.reflexcapital.com/team/ | https://www.reflexcapital.com/wp-content/plugins/contact-form-7/includes/css/styles.css?ver=5.0.3,https://www.reflexcapital.com/apply/: HTTP Error 404: Not Found
DEPO Ventures,https://www.depoventures.com/,petr.sima@depoventures.cz | team@depoventures.cz,,https://www.linkedin.com/company/depo-ventures/,,,https://twitter.com/DepoVentures,https://depoventures.com/contact | https://depoventures.com/toggle-contact-action?type=1,https://depoventures.com/about-depo | https://depoventures.sharepoint.com/:b:/s/Team/ESJCxI6zBYJOnqf4pXLxOfYBc8bgtP2l_vYHhjKaVe9aRQ?e=3U8ZGn | https://depoventures.sharepoint.com/:f:/s/Team/EkF4Gb7eYgdMh2SH-_EwuwEBavNo5TYLcOziPmiCGRyD5A?e=hjyX8r | https://depoventures.sharepoint.com/:f:/s/Team/EqW0vkE7wv9MiREOMFSO1KMBlqJS0Q5_Z3ZL2_5zwDA7mg?e=xWe4ha,https://depoventures.com/ | https://depoventures.com/about-depo | https://depoventures.com/toggle-contact-action?type=1,https://depoventures.com/apply: HTTP Error 404: Not Found | https://depoventures.com/apply/: HTTP Error 404: Not Found
Lighthouse Ventures,https://lhv.vc/,contact@lhv.vc,,https://cz.linkedin.com/in/damir-%C5%A1poljari%C4%8D-613533117 | https://www.linkedin.com/company/lighthouse-ventures-prague | https://www.linkedin.com/in/jiri-janku-pardubice/ | https://www.linkedin.com/in/michal-zalesak-b026524/ | https://www.linkedin.com/in/oryweihs/ | https://www.linkedin.com/in/ravit-avidor-a03435/ | https://www.linkedin.com/in/robert-reich-534184123/,https://www.facebook.com/lhv.vc,,https://www.crunchbase.com/organization/lighthouse-ventures-6458 | https://www.youtube.com/channel/UCukUuCWhcKSpqU3N_4xd3YA,https://lhv.vc/apply-now/ | https://lhv.vc/apply-now/?a11y=1 | https://lhv.vc/partner/pitchbob-io/,https://lhv.vc/about-us/ | https://lhv.vc/team/ | https://lhv.vc/team/?a11y=1,https://lhv.vc/ | https://lhv.vc/apply-now/ | https://lhv.vc/team/,https://lhv.vc/contact/: HTTP Error 404: Not Found | https://lhv.vc/apply: HTTP Error 404: Not Found
Nation 1 VC,https://cvca.cz/nation1/,info@nation1.vc | jaroslav@nation1.vc,,https://www.linkedin.com/company/czech-private-equity-and-venture-capital-association-cvca,,,,,https://cvca.cz/en/about-us/ | https://cvca.cz/en/about-us/boards/ | https://cvca.cz/en/about-us/cvca-management/,https://cvca.cz/nation1/ | https://cvca.cz/o-nas/predstavenstvo/ | https://cvca.cz/o-nas/rizeni-cvca/ | https://cvca.cz/o-nas/zpravy-auditora/,https://cvca.cz/team: HTTP Error 404: Not Found
Rockaway Ventures,https://www.rockawayventures.com/,contact@rockawayventures.com,,https://www.linkedin.com/company/106273995,,,https://x.com/RockawayVC,https://rockawayventures.com/contact/,https://rockawayventures.com/team/,https://rockawayventures.com/ | https://rockawayventures.com/app/themes/rockaway-portfolio/resources/css/green.css?ver=1740560084 | https://rockawayventures.com/app/themes/rockaway-portfolio/resources/img/skin/green/favicon.ico | https://rockawayventures.com/contact/,https://rockawayventures.com/kontakt/: HTTP Error 404: Not Found
Pale Fire Capital,https://www.palefirecapital.com/portfolio/,deals@palefire.com | jsme@palefire.com | jsme@palefire.comtake | jsme@palefirecapital.com,,https://www.linkedin.com/company/pale-fire-capital?utm_source=webpfc;utm_medium=patickapfc,,,https://twitter.com/PaleFireCapital?utm_source=webpfc;utm_medium=patickapfc,https://palefirecapital.com/en/contact/,https://palefirecapital.com/en/team-en/,https://palefirecapital.com/ | https://palefirecapital.com/en/contact/ | https://palefirecapital.com/en/team-en/ | https://palefirecapital.com/portfolio/,
Miton,https://www.miton.cz/,info@miton.cz | michala.gregorova@miton.cz,,https://www.linkedin.com/company/miton-cz | https://www.linkedin.com/in/thavryluk,,,https://twitter.com/MITONCZ | https://twitter.com/intent/follow?screen_name=MITONCZ | https://www.instagram.com/mitonfamily/ | https://x.com/Showdown_TCG,,,https://www.miton.cz/ | https://www.miton.cz/portfolio/,https://www.miton.cz/apply/: HTTP Error 404: Not Found | https://www.miton.cz/apply: HTTP Error 404: Not Found | https://www.miton.cz/kontakt: HTTP Error 404: Not Found
Sandberg Capital,https://www.sandbergcapital.com/,,,,,,,,,,https://www.sandbergcapital.com/: <urlopen error timed out> | https://www.sandbergcapital.com/apply: <urlopen error timed out> | https://www.sandbergcapital.com/apply/: <urlopen error timed out> | https://www.sandbergcapital.com/kontakt/: <urlopen error timed out> | https://www.sandbergcapital.com/kontakt: <urlopen error timed out>
ZAKA VC,https://zaka.vc/,hey@zaka.vc,,https://www.linkedin.com/company/zakastartup/posts/?feedView=all | https://www.linkedin.com/company/zakastartups/ | https://www.linkedin.com/feed/update/urn:li:activity:7506677750263517184 | https://www.linkedin.com/feed/update/urn:li:activity:7508166544963665920,,,,https://zaka.vc/submit-pitchdeck/,https://zaka.vc/team/,https://zaka.vc/ | https://zaka.vc/wp-content/plugins/contact-form-7/includes/css/styles.css?ver=6.1.7,https://zaka.vc/contact/: HTTP Error 404: Not Found | https://zaka.vc/kontakt: HTTP Error 404: Not Found | https://zaka.vc/apply/: HTTP Error 404: Not Found
Crowdberry,https://www.crowdberry.eu/,,,,,,,,,,https://www.crowdberry.eu/: HTTP Error 429: Too Many Requests | https://www.crowdberry.eu/kontakt: HTTP Error 429: Too Many Requests | https://www.crowdberry.eu/apply: HTTP Error 429: Too Many Requests | https://www.crowdberry.eu/contact/: HTTP Error 429: Too Many Requests | https://www.crowdberry.eu/contact: HTTP Error 429: Too Many Requests
Fundlift,https://www.fundlift.cz/,,,https://www.linkedin.com/company/9377326?trk=vsrp_companies_cluster_name&trkInfo=VSRPsearchId%3A767119351449499164499%2CVSRPtargetId%3A9377326%2CVSRPcmpt%3Acompanies_cluster,https://www.facebook.com/fundliftcz/,,https://twitter.com/fundlift_cz,,,https://www.fundlift.cz/,https://www.fundlift.cz/contact/: HTTP Error 404: NOT FOUND | https://www.fundlift.cz/contact: HTTP Error 404: NOT FOUND | https://www.fundlift.cz/team/: HTTP Error 404: NOT FOUND
StartupYard,https://startupyard.com/,andrea@startupyard.com | cedric@startupyard.com | nikola@startupyard.com | radim@startupyard.com,,,,,http://twitter.com/CedricMaloux | http://twitter.com/startupyard/,https://startupyard.com/apply-to-startupyard-remote-lab/ | https://startupyard.com/apply-to-startupyard-remote-lab/?s= | https://startupyard.com/apply-to-startupyard/ | https://startupyard.com/apply-to-startupyard/?s= | https://startupyard.com/contact | https://startupyard.com/contact/ | https://startupyard.com/contact/?s= | https://startupyard.com/what-were-seeing-in-early-pitch-decks-from-the-new-batch/,https://startupyard.com/frequently-asked-questions-about-startupyard/ | https://startupyard.com/meet-teamsharq-the-platform-that-puts-a-full-computer-in-every-students-browser/ | https://startupyard.com/startupyard-team/ | https://startupyard.com/startupyard-team/?s=,https://startupyard.com/ | https://startupyard.com/apply-to-startupyard-remote-lab/ | https://startupyard.com/apply-to-startupyard/ | https://startupyard.com/contact/ | https://startupyard.com/startupyard-team/,
CzechInvest Technology Incubation,https://www.technologickainkubace.org/,technologickainkubace@czechinvest.gov.cz | tomas.bena@czechinvest.gov.cz,,,,,,,,https://www.technologickainkubace.org/ | https://www.technologickainkubace.org/kontakt | https://www.technologickainkubace.org/kontakt/ | https://www.technologickainkubace.org/team | https://www.technologickainkubace.org/team/,
TAČR SIGMA,https://tacr.gov.cz/program/program-sigma/,protikorupci@tacr.cz | wbo@fairdata.cz,+ 420 226 288 363,http://www.linkedin.com/shareArticle?mini=true&url=https://tacr.gov.cz/o-nas/interni-projekty/&source=tacr | http://www.linkedin.com/shareArticle?mini=true&url=https://tacr.gov.cz/o-nas/mezinarodni-spoluprace/&source=tacr | http://www.linkedin.com/shareArticle?mini=true&url=https://tacr.gov.cz/o-nas/poslani-a-priority/proti-korupci/&source=tacr | http://www.linkedin.com/shareArticle?mini=true&url=https://tacr.gov.cz/program/program-sigma/&source=tacr | https://cz.linkedin.com/company/tacr,https://www.facebook.com/sharer/sharer.php?u=https://tacr.gov.cz/o-nas/interni-projekty/ | https://www.facebook.com/sharer/sharer.php?u=https://tacr.gov.cz/o-nas/mezinarodni-spoluprace/ | https://www.facebook.com/sharer/sharer.php?u=https://tacr.gov.cz/o-nas/poslani-a-priority/proti-korupci/ | https://www.facebook.com/sharer/sharer.php?u=https://tacr.gov.cz/program/program-sigma/ | https://www.facebook.com/tacr.cz,,https://twitter.com/TACR_cz | https://twitter.com/intent/tweet?url=https://tacr.gov.cz/o-nas/interni-projekty/ | https://twitter.com/intent/tweet?url=https://tacr.gov.cz/o-nas/mezinarodni-spoluprace/ | https://twitter.com/intent/tweet?url=https://tacr.gov.cz/o-nas/poslani-a-priority/proti-korupci/ | https://twitter.com/intent/tweet?url=https://tacr.gov.cz/program/program-sigma/ | https://www.instagram.com/tacr_official/ | https://www.youtube.com/c/Technologick%C3%A1agentura%C4%8CRPraha,,,https://tacr.gov.cz/o-nas/interni-projekty/ | https://tacr.gov.cz/o-nas/mezinarodni-spoluprace/ | https://tacr.gov.cz/o-nas/poslani-a-priority/proti-korupci/ | https://tacr.gov.cz/program/program-sigma/,https://tacr.gov.cz/apply/: HTTP Error 404: Not Found
CVCA,https://cvca.cz/,dvorakova@cvca.cz | pickova@cvca.cz,,https://www.linkedin.com/company/czech-private-equity-and-venture-capital-association-cvca,,,,,https://cvca.cz/en/about-us/ | https://cvca.cz/en/about-us/advisory-committees/ | https://cvca.cz/en/about-us/boards/ | https://cvca.cz/en/about-us/cvca-management/ | https://cvca.cz/en/about-us/statutes-and-code-of-ethics/,https://cvca.cz/ | https://cvca.cz/en/about-us/ | https://cvca.cz/o-nas/rizeni-cvca/ | https://cvca.cz/o-nas/zpravy-auditora/,https://cvca.cz/team: HTTP Error 404: Not Found
JIC Ventures,https://www.jic.cz/,recepce@jic.cz,,https://www.linkedin.com/company/jic-brno/,https://www.facebook.com/jic.brno/,,https://www.instagram.com/jic_brno/ | https://www.youtube.com/user/JICbrno,,,https://www.jic.cz/cz/,https://www.jic.cz/apply: HTTP Error 404: Not Found | https://www.jic.cz/team/: HTTP Error 404: Not Found | https://www.jic.cz/kontakt: HTTP Error 404: Not Found
Look AI Ventures,https://www.lookai.vc/,info@lookai.vc,,https://www.linkedin.com/company/lookai-ventures/ | https://www.linkedin.com/in/andrejtomcik/ | https://www.linkedin.com/in/angelo-burgarello-8a0a8bb1/ | https://www.linkedin.com/in/daniel-kunz-4b759512/ | https://www.linkedin.com/in/dostal-martin/ | https://www.linkedin.com/in/evaslonkova/ | https://www.linkedin.com/in/kateryna-inozemtseva-3b6b88141/ | https://www.linkedin.com/in/martina-jankovsk%C3%A1-45bbb9204/ | https://www.linkedin.com/in/martinhavlik/ | https://www.linkedin.com/in/ta%C5%A5%C3%A1na-lyskov%C3%A1/ | https://www.linkedin.com/in/veronikaargust/,https://www.facebook.com/Look-AI-Ventures-111992481428008/,,https://twitter.com/LookAIVentures,https://lookai.vc/apply-now/,,https://lookai.vc/ | https://lookai.vc/portfolio/cequence/ | https://lookai.vc/portfolio/checkstep/ | https://lookai.vc/portfolio/electric-sheep/ | https://lookai.vc/portfolio/surveily/,
Czech Founders VC,https://www.czechfounders.vc/,hello@czechfounders.vc,+420 724 244 989,https://www.linkedin.com/company/sharpgrid/ | https://www.linkedin.com/in/milana-idrisova-983807178/,,,,https://app.unitedfounders.vc/apply,https://czechfounders.vc/stories/ory-weihs-xlmedia-plc-team-odeon | https://czechfounders.vc/team | https://czechfounders.vc/team/milana-idrisova | https://czechfounders.vc/team/sintija-meissner-1,https://czechfounders.vc/ | https://czechfounders.vc/our-portfolio/sharpgrid | https://czechfounders.vc/team/milana-idrisova,https://czechfounders.vc/apply: HTTP Error 404: Not Found | https://czechfounders.vc/contact/: HTTP Error 404: Not Found
Purple Ventures,https://www.purple-ventures.com/,ahoy@purple-ventures.com | hello@purple-ventures.com,,https://www.linkedin.com/in/dagmar-skupienová-0b38ba1a6/ | https://www.linkedin.com/in/jakubnytra/ | https://www.linkedin.com/in/matejkrcek/ | https://www.linkedin.com/in/mlezatka/ | https://www.linkedin.com/in/ondrejvanek/ | https://www.linkedin.com/in/stanekjan/ | https://www.linkedin.com/in/tomas-tyrala-4204091a/,,,https://www.curfex.com | https://www.youtube.com/watch?v=RBqdkkp_HDk&t=2s | https://www.youtube.com/watch?v=eOxa9pweiv8&t=996s | https://www.youtube.com/watch?v=hmcOVfRPZQM | https://www.youtube.com/watch?v=k2tQpVj2x7I | https://www.youtube.com/watch?v=mn8jKHKXawI&t=1s | https://www.youtube.com/watch?v=qOTLU1jGgfI,https://purpleventures.vercel.app/pitch,https://purple-team.notion.site/207437256cc680008489f9fbca7f5c3f?v=207437256cc6806fa322000c4e3e90d9,https://www.purple-ventures.com/,https://www.purple-ventures.com/kontakt/: HTTP Error 404: Not Found | https://www.purple-ventures.com/team/: HTTP Error 404: Not Found | https://www.purple-ventures.com/contact/: HTTP Error 404: Not Found
KIC KK,https://kickk.cz/,erik.krupicka@kickk.cz | eva.dolenska@kickk.cz | info@kickk.cz | kamila.krupickova@kickk.cz | martina.barakova@kickk.cz | petra.valdmanova@kickk.cz | stepanka.kolesnyk@kickk.cz | vera.koranova@kickk.cz | vlastimil.vesely@kickk.cz,+420 608 470 775 | +420 608 982 920 | +420 725 977 530 | +420 734 656 979 | +420 736 650 376 | +420 773 112 520 | +420 775 187 808 | +420 775 888 404 | +420 777 708 748 | +420608470775 | +420608982920 | +420734656979 | +420736650376 | +420773112520 | +420775187808 | +420775888404 | +420777708748,https://cz.linkedin.com/company/kickk | https://www.linkedin.com/in/%C5%A1t%C4%9Bp%C3%A1nka-kolesnyk-pitterov%C3%A1-b0314550/ | https://www.linkedin.com/in/evadolenska/ | https://www.linkedin.com/in/martina-bar%C3%A1kov%C3%A1-16b95a11a/ | https://www.linkedin.com/in/petravaldmanova/ | https://www.linkedin.com/in/vlastimil-vesel%C3%BD-a185a3a8/,https://www.facebook.com/KICKarlovarskehokraje,,https://www.instagram.com/kic_kk_/,,,https://kickk.cz/ | https://kickk.cz/kontakty/ | https://kickk.cz/o-nas/,https://kickk.cz/team: HTTP Error 404: Not Found | https://kickk.cz/team/: HTTP Error 404: Not Found
EIC Accelerator,https://eic.ec.europa.eu/eic-funding-opportunities/eic-accelerator_en,,,http://www.linkedin.com/company/european-commission,https://www.facebook.com/EuropeanCommission,,https://www.youtube.com/user/eutube,https://commission.europa.eu/about/contact_en | https://european-union.europa.eu/contact-eu/social-media-channels_en,https://eic.ec.europa.eu/eic-fund/about-eic-fund_en,https://eic.ec.europa.eu/eic-funding-opportunities/eic-accelerator_en,https://eic.ec.europa.eu/team/: HTTP Error 404: Not Found | https://eic.ec.europa.eu/apply: HTTP Error 404: Not Found | https://eic.ec.europa.eu/apply/: HTTP Error 404: Not Found | https://eic.ec.europa.eu/kontakt: HTTP Error 404: Not Found
Orbit Capital,https://www.orbitcapital.com/,radovan.nesrsta@orbitcapital.com,,,,,,,,https://orbitcapital.com/,https://orbitcapital.com/contact/: HTTP Error 404: Not Found | https://orbitcapital.com/kontakt: HTTP Error 404: Not Found | https://orbitcapital.com/kontakt/: HTTP Error 404: Not Found | https://orbitcapital.com/team: HTTP Error 404: Not Found
Springtide Ventures,https://www.springtide.cz/,info@springtide.cz,,https://cz.linkedin.com/in/michal-tomanek-674181 | https://www.linkedin.com/in/boris-chovnik-47854020/ | https://www.linkedin.com/in/david-marek-674b2a12/ | https://www.linkedin.com/in/jana-vranova-4a037411 | https://www.linkedin.com/in/kareltusek/,,,,https://www.springtide.cz/contacts/,https://www.springtide.cz/about/ | https://www.springtide.cz/about/team/,https://www.springtide.cz/ | https://www.springtide.cz/about/ | https://www.springtide.cz/about/team/ | https://www.springtide.cz/contacts/,https://www.springtide.cz/apply: HTTP Error 404: Not Found
KKCG,https://kkcg.com/,boston@kkcg.com | info@kkcg.com | london@kkcg.com | lucerne@kkcg.com | prague@kkcg.com,+18572605474 | +18572605474\ | +41414102929 | +41414102929\ | +420 225 010 612 | +420225010612 | +420225010612\ | +447538905891 | +447538905891\,https://www.linkedin.com/company/kkcggroup,,,https://www.instagram.com/kkcg_global/ | https://www.youtube.com/watch?v=wa-pbQfms1M | https://x.com/groupkkcg,https://kkcg.com/en/contacts,https://kkcg.com/en/about-us | https://kkcg.com/en/about-us/founder-karel-komarek | https://kkcg.com/en/about-us/frequently-asked-questions | https://kkcg.com/en/about-us/history | https://kkcg.com/en/about-us/leadership,https://kkcg.com/en | https://kkcg.com/en/about-us/frequently-asked-questions,https://kkcg.com/kontakt: HTTP Error 404: Not Found | https://kkcg.com/team: HTTP Error 404: Not Found | https://kkcg.com/apply: HTTP Error 404: Not Found
Tilia Impact Ventures,https://tilia.vc/,info@tilia.vc,,https://www.linkedin.com/company/tilia-impact-ventures/ | https://www.linkedin.com/in/andy-m-gray/ | https://www.linkedin.com/in/kmarkova/ | https://www.linkedin.com/in/pavelpetrek/ | https://www.linkedin.com/in/silke-horakova-b41b9a31/,,,,,https://tilia.vc/team-andrew-gray/ | https://tilia.vc/team-jan-korous/ | https://tilia.vc/team-pavel-petrek/ | https://tilia.vc/team-petr-vitek/ | https://tilia.vc/team-silke-horakova/,https://tilia.vc/ | https://tilia.vc/team-andrew-gray/ | https://tilia.vc/team-pavel-petrek/ | https://tilia.vc/team-silke-horakova/,https://tilia.vc/contact/: HTTP Error 404: Not Found
Y Soft Ventures,https://www.ysoft.com/ventures,lukas.konecny@ysoft.com,,"https://www.linkedin.com/company/y-soft/ | https://www.ysoft.com/{""no_follow"":false,""open_in_new_tab"":true,""rel"":""noopener"",""sponsored"":false,""url"":{""content_id"":null,""href"":""https:/www.linkedin.com/in/lukaskonecny1/"",""href_with_scheme"":""https:/www.linkedin.com/in/lukaskonecny1/"",""type"":""EXTERNAL""},""user_generated_content"":false}",https://www.facebook.com/YSoftLife,,https://greycortex.com/ | https://lm3x.com/ | https://www.instagram.com/ysoftlife/ | https://www.youtube.com/user/YSoftCorporation | https://x.com/YSoft,https://www.ysoft.com/contact,https://www.ysoft.com/about-us,https://www.ysoft.com/ventures,https://www.ysoft.com/kontakt/: HTTP Error 404: Not Found | https://www.ysoft.com/team: HTTP Error 404: Not Found | https://www.ysoft.com/apply/: HTTP Error 404: Not Found | https://www.ysoft.com/kontakt: HTTP Error 404: Not Found
Jet Ventures,https://ventures.jetinvestment.cz/,carella@jetinvestment.cz | jain@jetinvestment.cz | jetventures@jetinvestment.cz | levinsky@jetinvestment.cz | melekhov@jetinvestment.cz,,https://www.linkedin.com/in/harshitjain04/ | https://www.linkedin.com/in/kamil-levinsk%C3%BD-56529417 | https://www.linkedin.com/in/silvia-carella-612b25193/ | https://www.linkedin.com/in/yevgen-melyekhov-199664121/ | https://www.linkedin.com/showcase/jet-ventures/,,,,https://ventures.jetinvestment.cz/contact,,https://ventures.jetinvestment.cz/ | https://ventures.jetinvestment.cz/portfolio/partory,https://ventures.jetinvestment.cz/apply/: HTTP Error 404: Not Found | https://ventures.jetinvestment.cz/apply: HTTP Error 404: Not Found | https://ventures.jetinvestment.cz/team: HTTP Error 404: Not Found
KB SmartSolutions,https://www.kbsmart.cz/,katarina.ondrovicova@kbsmart.cz | tomas.michalek@kbsmart.cz,,http://www.linkedin.com/in/petr-kunc-a32812300 | https://www.linkedin.com/company/kbsmart/ | https://www.linkedin.com/in/cernyjiri/ | https://www.linkedin.com/in/david-musil-65987277/ | https://www.linkedin.com/in/jan-hanu%C5%A1-154288a/ | https://www.linkedin.com/in/jaroslav-v%C3%ADch-76344892/ | https://www.linkedin.com/in/katarina-ondrovicova/ | https://www.linkedin.com/in/lastuvka/ | https://www.linkedin.com/in/lubosmalik/ | https://www.linkedin.com/in/patrik-novy-2098793/ | https://www.linkedin.com/in/pavel-rothbauer-6204b86a/ | https://www.linkedin.com/in/petr-volny/ | https://www.linkedin.com/in/pkalanyos/ | https://www.linkedin.com/in/pribyljiri/ | https://www.linkedin.com/in/tmichalek/ | https://www.linkedin.com/in/tomas-fila-126a4b30/ | https://www.linkedin.com/pulse/komer%C4%8Dn%C3%AD-banka-m%C3%A1-finbricksem-n%C3%A1skok-na-rostouc%C3%ADm-trhu-open-bankingu-grehe/,,,,,,https://www.kbsmart.cz/ | https://www.kbsmart.cz/kontakt/ | https://www.kbsmart.cz/napsali-o-nas/,https://www.kbsmart.cz/contact: HTTP Error 404: 
Inovo VC,https://inovo.vc/,,,,,,,,,,https://inovo.vc/: <urlopen error timed out> | https://inovo.vc/contact: HTTP Error 404: Not Found | https://inovo.vc/contact/: HTTP Error 404: Not Found | https://inovo.vc/kontakt: HTTP Error 404: Not Found | https://inovo.vc/kontakt/: HTTP Error 404: Not Found
OTB Ventures,https://otb.vc/,contact@otb.vc,,https://www.linkedin.com/company/otb-ventures/mycompany/?viewAsMember=true,,,https://x.com/otb_ventures,https://otb.vc/contact/,https://otb.vc/about/ | https://otb.vc/people/ | https://otb.vc/people/adam-niewinski/ | https://otb.vc/people/alicja-glinka/ | https://otb.vc/people/anna-slotala/ | https://otb.vc/people/general-rajmund-t-andrzejczak/ | https://otb.vc/people/gregory-jankilevitsch/ | https://otb.vc/people/ignacy-drzewiecki/ | https://otb.vc/people/jeremy-teboul/ | https://otb.vc/people/karol-szubstarski/ | https://otb.vc/people/karolina-czerwinska-czaplicka/ | https://otb.vc/people/katarzyna-zwolanowska/ | https://otb.vc/people/kateryna-lopatynska/ | https://otb.vc/people/kris-palucki/ | https://otb.vc/people/maciej-zasada/ | https://otb.vc/people/marcin-hejka/ | https://otb.vc/people/patrycja-werner/ | https://otb.vc/people/paula-zarebska/ | https://otb.vc/people/szymon-pinczewski/ | https://otb.vc/people/wojtek-walniczek/ | https://www.cisco.com/c/en/us/about/corporate-strategy-office/acquisitions/babblelabs.html,https://otb.vc/ | https://otb.vc/contact/ | https://otb.vc/people/ | https://otb.vc/portfolio/,https://otb.vc/kontakt: HTTP Error 404: Not Found
3TS Capital Partners,https://3tscapital.com/,info@3tscapital.com,,,,,,,,https://www.3tscapital.com/ | https://www.3tscapital.com/contact,https://www.3tscapital.com/team: HTTP Error 404: Not Found | https://www.3tscapital.com/apply: HTTP Error 404: Not Found | https://www.3tscapital.com/team/: HTTP Error 404: Not Found
Speedinvest,https://www.speedinvest.com/,,,https://www.linkedin.com/company/speedinvest,,,https://twitter.com/speedinvest | https://www.youtube.com/user/speedinvestcom,,https://www.speedinvest.com/knowledge/from-30-people-to-1-5-million-members-tides-playbook-for-scaling-fast | https://www.speedinvest.com/team | https://www.speedinvest.com/team-members/alex-davis | https://www.speedinvest.com/team-members/alexander-gruber | https://www.speedinvest.com/team-members/alienor-bosse | https://www.speedinvest.com/team-members/alvaro-perezcano | https://www.speedinvest.com/team-members/anastasiia-grushina | https://www.speedinvest.com/team-members/andjela-milenkovic | https://www.speedinvest.com/team-members/andrea-zitna | https://www.speedinvest.com/team-members/andreas-schwarzenbrunner | https://www.speedinvest.com/team-members/arsham-ahmadzadeh | https://www.speedinvest.com/team-members/artem-zhuravlev | https://www.speedinvest.com/team-members/aryan-bhargove | https://www.speedinvest.com/team-members/augustine-groebacher-chen | https://www.speedinvest.com/team-members/cecilia-hoyos | https://www.speedinvest.com/team-members/daniel-keiper-knorr | https://www.speedinvest.com/team-members/daria-gherghelas | https://www.speedinvest.com/team-members/deepali-nangia | https://www.speedinvest.com/team-members/edmundo-pichardo | https://www.speedinvest.com/team-members/estelle-salomon | https://www.speedinvest.com/team-members/florian-obst | https://www.speedinvest.com/team-members/franziska-oschmann | https://www.speedinvest.com/team-members/frederik-hagenauer | https://www.speedinvest.com/team-members/heinrich-groller | https://www.speedinvest.com/team-members/hugues-le-maire | https://www.speedinvest.com/team-members/ioanna-chrysanthou | https://www.speedinvest.com/team-members/jeremy-crider | https://www.speedinvest.com/team-members/jeroen-arts | https://www.speedinvest.com/team-members/julie-forel | https://www.speedinvest.com/team-members/lawrence-kilian | https://www.speedinvest.com/team-members/liam-mccombe | https://www.speedinvest.com/team-members/lorenz-marek | https://www.speedinvest.com/team-members/lukas-slameczka | https://www.speedinvest.com/team-members/lukas-steindl | https://www.speedinvest.com/team-members/marie-helene-ametsreiter | https://www.speedinvest.com/team-members/markus-lang | https://www.speedinvest.com/team-members/martin-laure | https://www.speedinvest.com/team-members/mathilde-valin | https://www.speedinvest.com/team-members/may-britt-mohnke | https://www.speedinvest.com/team-members/melanie-repolust | https://www.speedinvest.com/team-members/nina-ehrenreich | https://www.speedinvest.com/team-members/nora-frizberg | https://www.speedinvest.com/team-members/oliver-holle | https://www.speedinvest.com/team-members/patricia-raducan | https://www.speedinvest.com/team-members/paula-schumacher | https://www.speedinvest.com/team-members/philipp-stangl | https://www.speedinvest.com/team-members/rana-abdel-latif | https://www.speedinvest.com/team-members/ranka-teodorovic-milasin | https://www.speedinvest.com/team-members/robert-lang | https://www.speedinvest.com/team-members/sameer-singh | https://www.speedinvest.com/team-members/simone-stasi | https://www.speedinvest.com/team-members/stefan-klestil | https://www.speedinvest.com/team-members/szabina-szogyi | https://www.speedinvest.com/team-members/tara-scholler-burke | https://www.speedinvest.com/team-members/tom-f-lesche | https://www.speedinvest.com/team-members/tyrza-nanlohij | https://www.speedinvest.com/team-members/valentin-antoine | https://www.speedinvest.com/team-members/valerii-mikheev | https://www.speedinvest.com/team-members/varun-rekhi | https://www.speedinvest.com/team-members/vince-stampay-komesz | https://www.speedinvest.com/team-members/werner-zahnt | https://www.speedinvest.com/team-members/will-wells | https://www.speedinvest.com/team-members/wissam-nasreddine | https://www.speedinvest.com/team-members/young-sohn | https://www.speedinvest.com/team-members/zaya-mandakhbayar,https://www.speedinvest.com/ | https://www.speedinvest.com/network-and-portfolio-success | https://www.speedinvest.com/team,https://www.speedinvest.com/kontakt/: HTTP Error 404: Not Found | https://www.speedinvest.com/kontakt: HTTP Error 404: Not Found
SMOK Ventures,https://www.smok.vc/,borys@smok.vc | diana@smok.vc | sasha@smok.vc | smok@smok.vc | sonia@smok.vc | tomasz.koscielniak@smok.vc,,https://www.linkedin.com/company/smok-ventures/ | https://www.linkedin.com/in/musielak/,https://www.facebook.com/michuk | https://www.facebook.com/smokventures/,,https://mobile.twitter.com/michuk | https://twitter.com/smokvc | https://useprox.com/ | https://www.youtube.com/watch?v=L16AdRTbHwk,https://www.smok.vc/contact-us/ | https://www.smok.vc/top-pre-seed-vc-investors-worth-pitching-in-poland-2026/,https://www.smok.vc/team/ | https://www.smok.vc/team/borys-musielak/ | https://www.smok.vc/team/dan-bragiel/ | https://www.smok.vc/team/diana-koziarska/ | https://www.smok.vc/team/oleksandr-yatsenko/ | https://www.smok.vc/team/paul-bragiel/ | https://www.smok.vc/team/sonia-piorek-2/ | https://www.smok.vc/team/tomasz-bednarski/ | https://www.smok.vc/team/tomasz-koscielniak/,https://www.smok.vc/ | https://www.smok.vc/contact-us/ | https://www.smok.vc/portfolios/prox/ | https://www.smok.vc/team/borys-musielak/,https://www.smok.vc/apply: HTTP Error 404: Not Found
Index Ventures,https://www.indexventures.com/,press@indexventures.com,+1 415 471 1700 | +41 22 737 0000 | +44 1534 833 404 | +44 20 7154 2020,https://www.linkedin.com/company/index-ventures,,,https://x.com/indexventures,https://www.indexventures.com/contact-us/,https://www.indexventures.com/perspectives/ando-building-the-interface-layer-for-human-and-agent-teams/ | https://www.indexventures.com/team/,https://www.indexventures.com/ | https://www.indexventures.com/contact-us/,https://www.indexventures.com/kontakt: HTTP Error 404: Not Found | https://www.indexventures.com/apply: HTTP Error 404: Not Found
Atomico,https://atomico.com/,,,,,,,,,,https://atomico.com/: HTTP Error 429: Too Many Requests | https://atomico.com/contact/: HTTP Error 429: Too Many Requests | https://atomico.com/kontakt: HTTP Error 429: Too Many Requests | https://atomico.com/contact: HTTP Error 429: Too Many Requests
Earlybird Venture Capital,https://earlybird.com/,,,,,,,,https://earlybird.com/about-us,https://earlybird.com/,https://earlybird.com/team: HTTP Error 404: Not Found | https://earlybird.com/kontakt/: HTTP Error 404: Not Found | https://earlybird.com/kontakt: HTTP Error 404: Not Found
ABB Technology Ventures,https://global.abb/group/en/technology/ventures,,,,,,,https://global.abb/group/en/investors/contact | https://global.abb/group/en/media/contacts | https://new.abb.com/contact-centers | https://new.abb.com/contact/form | https://www.abb.com/global/en/areas/robotics/contact-us,https://global.abb/group/en/about | https://global.abb/group/en/about/supplying,https://new.abb.com/contact-centers | https://www.abb.com/global/en/company/ventures,https://www.abb.com/kontakt: HTTP Error 404: Not Found | https://www.abb.com/apply: HTTP Error 404: Not Found
V-Sharp Venture Studio,https://www.vsharp.vc/,,,https://www.linkedin.com/in/michalmensik/ | https://www.linkedin.com/in/radek-musil-87747028/ | https://www.linkedin.com/in/zdeneksoustal/,,,,https://www.vsharp.vc/apply/ | https://www.vsharp.vc/contact,https://www.vsharp.vc/team/,https://www.vsharp.vc/ | https://www.vsharp.vc/apply/ | https://www.vsharp.vc/contact | https://www.vsharp.vc/kontakt/ | https://www.vsharp.vc/team/,
Air Ventures,https://www.airventures.eu/,analyst@airventures.eu | info@airventures.eu,,https://www.linkedin.com/company/airvcs/,https://www.facebook.com/airvcs/,,https://www.crunchbase.com/organization/air-ventures-2,,,https://airventures.eu/ | https://airventures.eu/wp-content/plugins/wpb-portfolio/inc/../assets/css/main.css?ver=1.0,https://airventures.eu/kontakt: HTTP Error 404: Not Found | https://airventures.eu/kontakt/: HTTP Error 404: Not Found
Vesna Capital,https://vesna.capital/,edu@readymag.com | hello@readymag.com | no-reply@readymag.com | support@readymag.com,,,,,,,,https://vesna.capital/,
Neulogy Ventures,https://neulogy.vc/,,,https://www.linkedin.com/company/neulogy-ventures/ | https://www.linkedin.com/in/dusan-koutny/ | https://www.linkedin.com/in/jaroslav-lupt%C3%A1k-4a67778/,https://www.facebook.com/NeulogyVentures,,https://twitter.com/Deloitte | https://twitter.com/Jihomoravsky_kr | https://twitter.com/MatsukoCompany/status/1753165444062531670 | https://twitter.com/NeulogyVC | https://twitter.com/NeulogyVC/status/1723081264545006060 | https://twitter.com/NeulogyVC/status/1755369004787458386 | https://twitter.com/NeulogyVC/status/1755369055014240728 | https://twitter.com/NeulogyVC/status/1755665864118964522 | https://twitter.com/NeulogyVC/status/1755665902899466278 | https://twitter.com/NeulogyVC/status/1793931946931962147 | https://twitter.com/OliverDlouhy | https://twitter.com/StartupsCZ | https://twitter.com/brnomycity | https://twitter.com/certn | https://twitter.com/czechcrunch | https://twitter.com/figma | https://twitter.com/hlavenkajiri | https://twitter.com/karelobluk | https://twitter.com/search?q=Persoo | https://twitter.com/search?q=challenge | https://twitter.com/search?q=havelpartners | https://twitter.com/search?q=news | https://twitter.com/search?q=videopodcast | https://twitter.com/trustmaticHQ | https://twitter.com/zigus | https://www.crunchbase.com/organization/neulogy-ventures | https://www.youtube.com/channel/UCU4Z0bJyY3G2W-ECfDwVt6A/videos | https://x.com/trustmaticHQ/status/1722562807768441307/photo/1 | https://x.com/vectary/status/1755247056703156557/video/1,https://neulogy.vc/contact | https://neulogy.vc/contact/,https://neulogy.vc/about-us/ | https://neulogy.vc/team/jaroslav-luptak/,https://neulogy.vc/ | https://neulogy.vc/portfolio/ | https://neulogy.vc/portfolio/biteberry/,https://neulogy.vc/team: HTTP Error 404: Not Found | https://neulogy.vc/team/: HTTP Error 404: Not Found
Karma Ventures,https://karma.vc/,good@karma.vc,,https://www.linkedin.com/company/karma-ventures | https://www.linkedin.com/company/karma-ventures/posts/?feedView=all,,,,https://www.karma.vc/contact | https://www.karma.vc/contact/,https://www.karma.vc/people,https://www.karma.vc/ | https://www.karma.vc/contact/,https://www.karma.vc/apply: HTTP Error 404: Not Found | https://www.karma.vc/team: HTTP Error 404: Not Found | https://www.karma.vc/kontakt/: HTTP Error 404: Not Found
Market One Capital,https://moc.vc/,marketing@moc.vc | office@moc.vc,,https://linkedin.com/in/jaceklubinski/ | https://linkedin.com/in/marcinkurek/ | https://linkedin.com/in/marcinzabielski/ | https://linkedin.com/in/michal-mroczkowski/ | https://www.linkedin.com/company/m1c/ | https://www.linkedin.com/in/anastasia-lisowska-poland/ | https://www.linkedin.com/in/jakubslusarczyk/ | https://www.linkedin.com/in/kamil-w%C4%99gli%C5%84ski-515938192/ | https://www.linkedin.com/in/przemyslaw-dyderski/,,,https://twitter.com/KamilWeglinski | https://twitter.com/MMroczkowski | https://twitter.com/jumbojacek | https://twitter.com/kurekmarcin | https://twitter.com/market1capital | https://www.crunchbase.com/organization/market-one-capital,,https://www.moc.vc/team | https://www.moc.vc/team/anastasia-lisowska | https://www.moc.vc/team/jacek-lubinski | https://www.moc.vc/team/jakub-slusarczyk | https://www.moc.vc/team/kamil-weglinski | https://www.moc.vc/team/marcin-kurek | https://www.moc.vc/team/marcin-zabielski | https://www.moc.vc/team/michal-mroczkowski | https://www.moc.vc/team/przemyslaw-dyderski,https://www.moc.vc/ | https://www.moc.vc/team,https://www.moc.vc/contact/: HTTP Error 404: Not Found | https://www.moc.vc/kontakt/: HTTP Error 404: Not Found
Fil Rouge Capital,https://www.filrougecapital.com/,info@filrougecapital.com | reassessme@filrougecapital.com,,https://www.linkedin.com/company/fil-rouge-capital,https://www.facebook.com/filrougecapital,,https://x.com/filrougecapital,https://apply.filrougecapital.com/client/simpleform/singleentryshort | https://fricv3.filrougecapital.com/apply | https://www.filrougecapital.com/contact,https://www.filrougecapital.com/blog-post/talking-about-being-rejected | https://www.filrougecapital.com/team,https://www.filrougecapital.com/ | https://www.filrougecapital.com/contact,https://www.filrougecapital.com/apply: HTTP Error 404: Not Found
Genesis Capital,https://www.genesis.cz/,genesis@genesis.cz | growth@genesis.cz,+420 271 740 207,,,,,,,https://www.genesis.cz/ | https://www.genesis.cz/kontakt,https://www.genesis.cz/contact: HTTP Error 500: Internal Server Error | https://www.genesis.cz/apply: HTTP Error 500: Internal Server Error
ARX Equity Partners,https://www.arxequity.com/,praha@arxequity.com | warszawa@arxequity.com,+420 22 423 5399 | 602 451 284 | </span>&nbsp;+48 602 451 284</p> <p><span></span>&nbsp;</p> <p><span>Email:</span> <a href=,,,,,https://www.arxequity.com/contact/,https://www.arxequity.com/about-arx/ | https://www.arxequity.com/team/,https://www.arxequity.com/ | https://www.arxequity.com/contact/ | https://www.arxequity.com/pl/kontakt/,https://www.arxequity.com/apply: HTTP Error 404: Not Found
Mid Europa Partners,https://www.mideuropa.com/,mideuropa@citigatedewerogerson.com,,https://www.linkedin.com/company/mid-europa-partners,,,,https://mideuropa.com/media-contacts/,https://mideuropa.com/about/ | https://mideuropa.com/about/sectors/ | https://mideuropa.com/about/value-creation/ | https://mideuropa.com/team/,https://mideuropa.com/ | https://mideuropa.com/media-contacts/ | https://mideuropa.com/portfolio/,https://mideuropa.com/kontakt: HTTP Error 404: Not Found | https://mideuropa.com/contact/: HTTP Error 404: Not Found
Hartenberg Capital,https://www.hartenbergcapital.com/,info@hartenbergcapital.com,+420 245 501 180 | +420245501180,,,,,,https://www.hartenbergcapital.com/about | https://www.hartenbergcapital.com/team,https://www.hartenbergcapital.com/,https://www.hartenbergcapital.com/apply: HTTP Error 404: Not Found | https://www.hartenbergcapital.com/contact/: HTTP Error 404: Not Found | https://www.hartenbergcapital.com/contact: HTTP Error 404: Not Found
R2G,https://www.r2g.cz/,,,,,,,,,https://r2g.cz/ | https://r2g.cz/contact/,https://r2g.cz/team: HTTP Error 404: Not Found
PPF Group,https://www.ppf.eu/,images@ppf.cz | info@homecredit.eu | info@ppf.cz | info@ppfreal.com | info@ppfrealholding.com | media@ppf.eu | rousek@ppf.cz | u003eimages@ppf.cz | u003emedia@ppf.eu,+ 420 224 174 214 | + 420 224 174 610 | +420224174214,https://linkedin.com/company/ppf,,,https://twitter.com/SkupinaPPF,,,https://www.ppf.eu/ | https://www.ppf.eu/pro-media/kontakt-pro-media | https://www.ppf.eu/tiskova-zprava/ppf-real-estate-rozsiruje-sve-portfolio-o-kancelarskou-budovu-telehouse-v-praze,https://www.ppf.eu/kontakt/: HTTP Error 404: Not Found | https://www.ppf.eu/kontakt: HTTP Error 404: Not Found
Penta Investments,https://www.pentainvestments.com/,,+35725733104 | +35725733135 | +420 225 101 102 | +420 225 101 110 | +420 704 851 348 | +420225101110 | +420225101160 | +421 2 5 77 88 188 | +421 2 57788 050 | +421 2 57788 111 | +421 918 707 252 | +421257788050 | +421257788111 | +48225023222 | +48225023223,https://www.linkedin.com/company/penta-investments/,https://www.facebook.com/PentaInvestments,,https://www.instagram.com/penta_investments/ | https://www.youtube.com/@PentaInvestmentsOfficial,https://www.pentainvestments.com/en/contacts/,https://www.pentainvestments.com/en/about-us/,https://www.pentainvestments.com/en/ | https://www.pentainvestments.com/en/contacts/,https://www.pentainvestments.com/apply/: HTTP Error 404: Not Found
ESPIRA Investments,https://www.espirainvestments.com/,info@espirainvestments.com,+420 210 111 600 | +420 222 263 815,https://www.linkedin.com/company/espira-investments/,,,https://www.crunchbase.com/organization/espira-investments,,http://www.espirainvestments.com/team/ | https://cvca.cz/en/about-us/ | https://www.espirainvestments.com/team/,https://www.espirainvestments.com/,https://www.espirainvestments.com/contact/: HTTP Error 404: Not Found | https://www.espirainvestments.com/contact: HTTP Error 404: Not Found | https://www.espirainvestments.com/kontakt/: HTTP Error 404: Not Found
Národní rozvojová banka,https://www.nrb.cz/,info@nrb.cz,255 721 111 | 255721111,https://www.linkedin.com/company/nrbcz/ | https://www.linkedin.com/cws/share?url=https://www.nrb.cz/pribehy/kontaktni-systemy-firmy-hronovsky-se-montuji-do-aut-temer-po-celem-svete/,https://www.facebook.com/NRBCZ | https://www.facebook.com/sharer/sharer.php?u=https://www.nrb.cz/pribehy/kontaktni-systemy-firmy-hronovsky-se-montuji-do-aut-temer-po-celem-svete/,,https://twitter.com/NRBCZ | https://twitter.com/home?status=https://www.nrb.cz/pribehy/kontaktni-systemy-firmy-hronovsky-se-montuji-do-aut-temer-po-celem-svete/ | https://www.youtube.com | https://www.youtube.com/channel/UCmDn5B_53LvDDtIi91THS0w,,,https://www.nrb.cz/ | https://www.nrb.cz/pribehy/kontaktni-systemy-firmy-hronovsky-se-montuji-do-aut-temer-po-celem-svete/ | https://www.nrb.cz/wp-content/uploads/2018/10/team.svg,https://www.nrb.cz/o-nas/o-nrb/na-prodej-2/: The read operation timed out | https://www.nrb.cz/o-nas/: The read operation timed out
European Investment Fund,https://www.eif.org/,complaints@eib.org | evaluation@eib.org | info@eif.org | investigations@eib.org,%20+352%20437914005 | %20+352%20437914005\ | 914 360 863 | 915 780 007,https://www.linkedin.com/company/european-investment-fund/,,,https://www.instagram.com/eif4smes/ | https://www.youtube.com/@EuropeanInvestmentFund | https://x.com/EIF_EU,https://www.eif.org/contacts/contact-dpo | https://www.eif.org/contacts/contact-oim | https://www.eif.org/contacts/enquiry-form | https://www.eif.org/contacts/index | https://www.eif.org/contacts/press-contacts,http://www.eib.org/en/about/accountability/anti-fraud/reporting/index | https://www.eib.org/en/about/accountability/complaints/submit/index.htm | https://www.eib.org/en/about/at-a-glance/index | https://www.eif.org/about-us/awards | https://www.eif.org/about-us/leadership-and-people | https://www.eif.org/about-us/we-are-the-eif | https://www.eif.org/about-us/what-drives-us,https://www.eif.org/ | https://www.eif.org/about-us/what-drives-us | https://www.eif.org/contacts/index,https://www.eif.org/kontakt: HTTP Error 404: Not Found | https://www.eif.org/kontakt/: HTTP Error 404: Not Found
